Domain Code,Domain,Area Code (M49),Area,Element Code,Element,Item Code (CPC),Item,Year Code,Year,Unit,Value
"QCL","Crops and livestock products","076","Brazil","5412","Yield","0115","Barley","2000","2000","kg/ha","1943.7"
"QCL","Crops and livestock products","076","Brazil","5412","Yield","0115","Barley","2001","2001","kg/ha","2082.6"
"QCL","Crops and livestock products","076","Brazil","5412","Yield","0115","Barley","2002","2002","kg/ha","1659.5"
"QCL","Crops and livestock products","076","Brazil","5412","Yield","0115","Barley","2003","2003","kg/ha","2896.4"
"QCL","Crops and livestock products","076","Brazil","5412","Yield","0115","Barley","2004","2004","kg/ha","2794.1"
"QCL","Crops and livestock products","076","Brazil","5412","Yield","0115","Barley","2005","2005","kg/ha","2257.6"
"QCL","Crops and livestock products","076","Brazil","5412","Yield","0115","Barley","2006","2006","kg/ha","2469.5"
"QCL","Crops and livestock products","076","Brazil","5412","Yield","0115","Barley","2007","2007","kg/ha","2348.8"
"QCL","Crops and livestock products","076","Brazil","5412","Yield","0115","Barley","2008","2008","kg/ha","2988.7"
"QCL","Crops and livestock products","076","Brazil","5412","Yield","0115","Barley","2009","2009","kg/ha","2598.4"
"QCL","Crops and livestock products","076","Brazil","5412","Yield","0115","Barley","2010","2010","kg/ha","3311.5"
"QCL","Crops and livestock products","076","Brazil","5412","Yield","0115","Barley","2011","2011","kg/ha","3443.9"
"QCL","Crops and livestock products","076","Brazil","5412","Yield","0115","Barley","2012","2012","kg/ha","2579.3"
"QCL","Crops and livestock products","076","Brazil","5412","Yield","0115","Barley","2013","2013","kg/ha","3744.1"
"QCL","Crops and livestock products","076","Brazil","5412","Yield","0115","Barley","2014","2014","kg/ha","2812"
"QCL","Crops and livestock products","076","Brazil","5412","Yield","0115","Barley","2015","2015","kg/ha","2155.9"
"QCL","Crops and livestock products","076","Brazil","5412","Yield","0115","Barley","2016","2016","kg/ha","4169.9"
"QCL","Crops and livestock products","076","Brazil","5412","Yield","0115","Barley","2017","2017","kg/ha","2490.3"
"QCL","Crops and livestock products","076","Brazil","5412","Yield","0115","Barley","2018","2018","kg/ha","3259.1"
"QCL","Crops and livestock products","076","Brazil","5412","Yield","0115","Barley","2019","2019","kg/ha","3588.1"
"QCL","Crops and livestock products","076","Brazil","5412","Yield","0115","Barley","2020","2020","kg/ha","3708.9"
"QCL","Crops and livestock products","076","Brazil","5412","Yield","0115","Barley","2021","2021","kg/ha","3933.1"
"QCL","Crops and livestock products","076","Brazil","5412","Yield","0115","Barley","2022","2022","kg/ha","4028.3"
"QCL","Crops and livestock products","076","Brazil","5412","Yield","0115","Barley","2023","2023","kg/ha","2844.5"
"QCL","Crops and livestock products","076","Brazil","5412","Yield","0112","Maize (corn)","2000","2000","kg/ha","2718.2"
"QCL","Crops and livestock products","076","Brazil","5412","Yield","0112","Maize (corn)","2001","2001","kg/ha","3401.9"
"QCL","Crops and livestock products","076","Brazil","5412","Yield","0112","Maize (corn)","2002","2002","kg/ha","3055.9"
"QCL","Crops and livestock products","076","Brazil","5412","Yield","0112","Maize (corn)","2003","2003","kg/ha","3727.3"
"QCL","Crops and livestock products","076","Brazil","5412","Yield","0112","Maize (corn)","2004","2004","kg/ha","3367.1"
"QCL","Crops and livestock products","076","Brazil","5412","Yield","0112","Maize (corn)","2005","2005","kg/ha","3040.3"
"QCL","Crops and livestock products","076","Brazil","5412","Yield","0112","Maize (corn)","2006","2006","kg/ha","3382.3"
"QCL","Crops and livestock products","076","Brazil","5412","Yield","0112","Maize (corn)","2007","2007","kg/ha","3785.2"
"QCL","Crops and livestock products","076","Brazil","5412","Yield","0112","Maize (corn)","2008","2008","kg/ha","4080"
"QCL","Crops and livestock products","076","Brazil","5412","Yield","0112","Maize (corn)","2009","2009","kg/ha","3714.5"
"QCL","Crops and livestock products","076","Brazil","5412","Yield","0112","Maize (corn)","2010","2010","kg/ha","4366.7"
"QCL","Crops and livestock products","076","Brazil","5412","Yield","0112","Maize (corn)","2011","2011","kg/ha","4210.7"
"QCL","Crops and livestock products","076","Brazil","5412","Yield","0112","Maize (corn)","2012","2012","kg/ha","5005.7"
"QCL","Crops and livestock products","076","Brazil","5412","Yield","0112","Maize (corn)","2013","2013","kg/ha","5253.6"
"QCL","Crops and livestock products","076","Brazil","5412","Yield","0112","Maize (corn)","2014","2014","kg/ha","5176.1"
"QCL","Crops and livestock products","076","Brazil","5412","Yield","0112","Maize (corn)","2015","2015","kg/ha","5535.3"
"QCL","Crops and livestock products","076","Brazil","5412","Yield","0112","Maize (corn)","2016","2016","kg/ha","4287.7"
"QCL","Crops and livestock products","076","Brazil","5412","Yield","0112","Maize (corn)","2017","2017","kg/ha","5618.3"
"QCL","Crops and livestock products","076","Brazil","5412","Yield","0112","Maize (corn)","2018","2018","kg/ha","5107.6"
"QCL","Crops and livestock products","076","Brazil","5412","Yield","0112","Maize (corn)","2019","2019","kg/ha","5773.4"
"QCL","Crops and livestock products","076","Brazil","5412","Yield","0112","Maize (corn)","2020","2020","kg/ha","5695.3"
"QCL","Crops and livestock products","076","Brazil","5412","Yield","0112","Maize (corn)","2021","2021","kg/ha","4649.7"
"QCL","Crops and livestock products","076","Brazil","5412","Yield","0112","Maize (corn)","2022","2022","kg/ha","5209.2"
"QCL","Crops and livestock products","076","Brazil","5412","Yield","0112","Maize (corn)","2023","2023","kg/ha","5912.7"
"QCL","Crops and livestock products","076","Brazil","5412","Yield","0113","Rice","2000","2000","kg/ha","3038.2"
"QCL","Crops and livestock products","076","Brazil","5412","Yield","0113","Rice","2001","2001","kg/ha","3240.5"
"QCL","Crops and livestock products","076","Brazil","5412","Yield","0113","Rice","2002","2002","kg/ha","3324.6"
"QCL","Crops and livestock products","076","Brazil","5412","Yield","0113","Rice","2003","2003","kg/ha","3249"
"QCL","Crops and livestock products","076","Brazil","5412","Yield","0113","Rice","2004","2004","kg/ha","3556.5"
"QCL","Crops and livestock products","076","Brazil","5412","Yield","0113","Rice","2005","2005","kg/ha","3369.1"
"QCL","Crops and livestock products","076","Brazil","5412","Yield","0113","Rice","2006","2006","kg/ha","3879.8"
"QCL","Crops and livestock products","076","Brazil","5412","Yield","0113","Rice","2007","2007","kg/ha","3826"
"QCL","Crops and livestock products","076","Brazil","5412","Yield","0113","Rice","2008","2008","kg/ha","4231.1"
"QCL","Crops and livestock products","076","Brazil","5412","Yield","0113","Rice","2009","2009","kg/ha","4404.9"
"QCL","Crops and livestock products","076","Brazil","5412","Yield","0113","Rice","2010","2010","kg/ha","4127.1"
"QCL","Crops and livestock products","076","Brazil","5412","Yield","0113","Rice","2011","2011","kg/ha","4895.6"
"QCL","Crops and livestock products","076","Brazil","5412","Yield","0113","Rice","2012","2012","kg/ha","4786"
"QCL","Crops and livestock products","076","Brazil","5412","Yield","0113","Rice","2013","2013","kg/ha","5007.1"
"QCL","Crops and livestock products","076","Brazil","5412","Yield","0113","Rice","2014","2014","kg/ha","5201.3"
"QCL","Crops and livestock products","076","Brazil","5412","Yield","0113","Rice","2015","2015","kg/ha","5752.5"
"QCL","Crops and livestock products","076","Brazil","5412","Yield","0113","Rice","2016","2016","kg/ha","5464.3"
"QCL","Crops and livestock products","076","Brazil","5412","Yield","0113","Rice","2017","2017","kg/ha","6213.1"
"QCL","Crops and livestock products","076","Brazil","5412","Yield","0113","Rice","2018","2018","kg/ha","6307.4"
"QCL","Crops and livestock products","076","Brazil","5412","Yield","0113","Rice","2019","2019","kg/ha","6063.3"
"QCL","Crops and livestock products","076","Brazil","5412","Yield","0113","Rice","2020","2020","kg/ha","6610.8"
"QCL","Crops and livestock products","076","Brazil","5412","Yield","0113","Rice","2021","2021","kg/ha","6903.1"
"QCL","Crops and livestock products","076","Brazil","5412","Yield","0113","Rice","2022","2022","kg/ha","6638"
"QCL","Crops and livestock products","076","Brazil","5412","Yield","0113","Rice","2023","2023","kg/ha","6936.9"
"QCL","Crops and livestock products","076","Brazil","5412","Yield","0141","Soya beans","2000","2000","kg/ha","2403.3"
"QCL","Crops and livestock products","076","Brazil","5412","Yield","0141","Soya beans","2001","2001","kg/ha","2710.5"
"QCL","Crops and livestock products","076","Brazil","5412","Yield","0141","Soya beans","2002","2002","kg/ha","2573.9"
"QCL","Crops and livestock products","076","Brazil","5412","Yield","0141","Soya beans","2003","2003","kg/ha","2802.7"
"QCL","Crops and livestock products","076","Brazil","5412","Yield","0141","Soya beans","2004","2004","kg/ha","2300.5"
"QCL","Crops and livestock products","076","Brazil","5412","Yield","0141","Soya beans","2005","2005","kg/ha","2230.3"
"QCL","Crops and livestock products","076","Brazil","5412","Yield","0141","Soya beans","2006","2006","kg/ha","2379.6"
"QCL","Crops and livestock products","076","Brazil","5412","Yield","0141","Soya beans","2007","2007","kg/ha","2813.3"
"QCL","Crops and livestock products","076","Brazil","5412","Yield","0141","Soya beans","2008","2008","kg/ha","2816.2"
"QCL","Crops and livestock products","076","Brazil","5412","Yield","0141","Soya beans","2009","2009","kg/ha","2636.5"
"QCL","Crops and livestock products","076","Brazil","5412","Yield","0141","Soya beans","2010","2010","kg/ha","2947.5"
"QCL","Crops and livestock products","076","Brazil","5412","Yield","0141","Soya beans","2011","2011","kg/ha","3121.4"
"QCL","Crops and livestock products","076","Brazil","5412","Yield","0141","Soya beans","2012","2012","kg/ha","2636.6"
"QCL","Crops and livestock products","076","Brazil","5412","Yield","0141","Soya beans","2013","2013","kg/ha","2928.5"
"QCL","Crops and livestock products","076","Brazil","5412","Yield","0141","Soya beans","2014","2014","kg/ha","2865.9"
"QCL","Crops and livestock products","076","Brazil","5412","Yield","0141","Soya beans","2015","2015","kg/ha","3028.6"
"QCL","Crops and livestock products","076","Brazil","5412","Yield","0141","Soya beans","2016","2016","kg/ha","2904.9"
"QCL","Crops and livestock products","076","Brazil","5412","Yield","0141","Soya beans","2017","2017","kg/ha","3378.5"
"QCL","Crops and livestock products","076","Brazil","5412","Yield","0141","Soya beans","2018","2018","kg/ha","3390.4"
"QCL","Crops and livestock products","076","Brazil","5412","Yield","0141","Soya beans","2019","2019","kg/ha","3184.7"
"QCL","Crops and livestock products","076","Brazil","5412","Yield","0141","Soya beans","2020","2020","kg/ha","3275.5"
"QCL","Crops and livestock products","076","Brazil","5412","Yield","0141","Soya beans","2021","2021","kg/ha","3445.2"
"QCL","Crops and livestock products","076","Brazil","5412","Yield","0141","Soya beans","2022","2022","kg/ha","2954.6"
"QCL","Crops and livestock products","076","Brazil","5412","Yield","0141","Soya beans","2023","2023","kg/ha","3423"
"QCL","Crops and livestock products","076","Brazil","5412","Yield","0111","Wheat","2000","2000","kg/ha","1515.6"
"QCL","Crops and livestock products","076","Brazil","5412","Yield","0111","Wheat","2001","2001","kg/ha","1948.8"
"QCL","Crops and livestock products","076","Brazil","5412","Yield","0111","Wheat","2002","2002","kg/ha","1475.4"
"QCL","Crops and livestock products","076","Brazil","5412","Yield","0111","Wheat","2003","2003","kg/ha","2403.5"
"QCL","Crops and livestock products","076","Brazil","5412","Yield","0111","Wheat","2004","2004","kg/ha","2072.8"
"QCL","Crops and livestock products","076","Brazil","5412","Yield","0111","Wheat","2005","2005","kg/ha","1973.5"
"QCL","Crops and livestock products","076","Brazil","5412","Yield","0111","Wheat","2006","2006","kg/ha","1592.7"
"QCL","Crops and livestock products","076","Brazil","5412","Yield","0111","Wheat","2007","2007","kg/ha","2219.9"
"QCL","Crops and livestock products","076","Brazil","5412","Yield","0111","Wheat","2008","2008","kg/ha","2549.7"
"QCL","Crops and livestock products","076","Brazil","5412","Yield","0111","Wheat","2009","2009","kg/ha","2080.2"
"QCL","Crops and livestock products","076","Brazil","5412","Yield","0111","Wheat","2010","2010","kg/ha","2828.8"
"QCL","Crops and livestock products","076","Brazil","5412","Yield","0111","Wheat","2011","2011","kg/ha","2660.2"
"QCL","Crops and livestock products","076","Brazil","5412","Yield","0111","Wheat","2012","2012","kg/ha","2310"
"QCL","Crops and livestock products","076","Brazil","5412","Yield","0111","Wheat","2013","2013","kg/ha","2749.1"
"QCL","Crops and livestock products","076","Brazil","5412","Yield","0111","Wheat","2014","2014","kg/ha","2208.8"
"QCL","Crops and livestock products","076","Brazil","5412","Yield","0111","Wheat","2015","2015","kg/ha","2227.8"
"QCL","Crops and livestock products","076","Brazil","5412","Yield","0111","Wheat","2016","2016","kg/ha","3155.1"
"QCL","Crops and livestock products","076","Brazil","5412","Yield","0111","Wheat","2017","2017","kg/ha","2279"
"QCL","Crops and livestock products","076","Brazil","5412","Yield","0111","Wheat","2018","2018","kg/ha","2629.2"
"QCL","Crops and livestock products","076","Brazil","5412","Yield","0111","Wheat","2019","2019","kg/ha","2657.8"
"QCL","Crops and livestock products","076","Brazil","5412","Yield","0111","Wheat","2020","2020","kg/ha","2607.9"
"QCL","Crops and livestock products","076","Brazil","5412","Yield","0111","Wheat","2021","2021","kg/ha","2862.1"
"QCL","Crops and livestock products","076","Brazil","5412","Yield","0111","Wheat","2022","2022","kg/ha","3265.8"
"QCL","Crops and livestock products","076","Brazil","5412","Yield","0111","Wheat","2023","2023","kg/ha","2321.2"
"QCL","Crops and livestock products","124","Canada","5412","Yield","0115","Barley","2000","2000","kg/ha","2960.7"
"QCL","Crops and livestock products","124","Canada","5412","Yield","0115","Barley","2001","2001","kg/ha","2613.7"
"QCL","Crops and livestock products","124","Canada","5412","Yield","0115","Barley","2002","2002","kg/ha","2234.6"
"QCL","Crops and livestock products","124","Canada","5412","Yield","0115","Barley","2003","2003","kg/ha","2766.4"
"QCL","Crops and livestock products","124","Canada","5412","Yield","0115","Barley","2004","2004","kg/ha","3269.4"
"QCL","Crops and livestock products","124","Canada","5412","Yield","0115","Barley","2005","2005","kg/ha","3213.4"
"QCL","Crops and livestock products","124","Canada","5412","Yield","0115","Barley","2006","2006","kg/ha","2970.3"
"QCL","Crops and livestock products","124","Canada","5412","Yield","0115","Barley","2007","2007","kg/ha","2752.7"
"QCL","Crops and livestock products","124","Canada","5412","Yield","0115","Barley","2008","2008","kg/ha","3363.9"
"QCL","Crops and livestock products","124","Canada","5412","Yield","0115","Barley","2009","2009","kg/ha","3261.3"
"QCL","Crops and livestock products","124","Canada","5412","Yield","0115","Barley","2010","2010","kg/ha","3185.8"
"QCL","Crops and livestock products","124","Canada","5412","Yield","0115","Barley","2011","2011","kg/ha","3286.1"
"QCL","Crops and livestock products","124","Canada","5412","Yield","0115","Barley","2012","2012","kg/ha","2898.1"
"QCL","Crops and livestock products","124","Canada","5412","Yield","0115","Barley","2013","2013","kg/ha","3825.9"
"QCL","Crops and livestock products","124","Canada","5412","Yield","0115","Barley","2014","2014","kg/ha","3283.9"
"QCL","Crops and livestock products","124","Canada","5412","Yield","0115","Barley","2015","2015","kg/ha","3510"
"QCL","Crops and livestock products","124","Canada","5412","Yield","0115","Barley","2016","2016","kg/ha","3901.4"
"QCL","Crops and livestock products","124","Canada","5412","Yield","0115","Barley","2017","2017","kg/ha","3733.8"
"QCL","Crops and livestock products","124","Canada","5412","Yield","0115","Barley","2018","2018","kg/ha","3498.5"
"QCL","Crops and livestock products","124","Canada","5412","Yield","0115","Barley","2019","2019","kg/ha","3806.6"
"QCL","Crops and livestock products","124","Canada","5412","Yield","0115","Barley","2020","2020","kg/ha","3824"
"QCL","Crops and livestock products","124","Canada","5412","Yield","0115","Barley","2021","2021","kg/ha","2274.3"
"QCL","Crops and livestock products","124","Canada","5412","Yield","0115","Barley","2022","2022","kg/ha","3789"
"QCL","Crops and livestock products","124","Canada","5412","Yield","0115","Barley","2023","2023","kg/ha","3296.1"
"QCL","Crops and livestock products","124","Canada","5412","Yield","0112","Maize (corn)","2000","2000","kg/ha","6284.4"
"QCL","Crops and livestock products","124","Canada","5412","Yield","0112","Maize (corn)","2001","2001","kg/ha","6618.7"
"QCL","Crops and livestock products","124","Canada","5412","Yield","0112","Maize (corn)","2002","2002","kg/ha","7012.8"
"QCL","Crops and livestock products","124","Canada","5412","Yield","0112","Maize (corn)","2003","2003","kg/ha","7819.3"
"QCL","Crops and livestock products","124","Canada","5412","Yield","0112","Maize (corn)","2004","2004","kg/ha","8241"
"QCL","Crops and livestock products","124","Canada","5412","Yield","0112","Maize (corn)","2005","2005","kg/ha","8603.5"
"QCL","Crops and livestock products","124","Canada","5412","Yield","0112","Maize (corn)","2006","2006","kg/ha","8473.7"
"QCL","Crops and livestock products","124","Canada","5412","Yield","0112","Maize (corn)","2007","2007","kg/ha","8510.8"
"QCL","Crops and livestock products","124","Canada","5412","Yield","0112","Maize (corn)","2008","2008","kg/ha","9062.3"
"QCL","Crops and livestock products","124","Canada","5412","Yield","0112","Maize (corn)","2009","2009","kg/ha","8372.3"
"QCL","Crops and livestock products","124","Canada","5412","Yield","0112","Maize (corn)","2010","2010","kg/ha","9750.9"
"QCL","Crops and livestock products","124","Canada","5412","Yield","0112","Maize (corn)","2011","2011","kg/ha","8931.2"
"QCL","Crops and livestock products","124","Canada","5412","Yield","0112","Maize (corn)","2012","2012","kg/ha","9157.9"
"QCL","Crops and livestock products","124","Canada","5412","Yield","0112","Maize (corn)","2013","2013","kg/ha","9545.1"
"QCL","Crops and livestock products","124","Canada","5412","Yield","0112","Maize (corn)","2014","2014","kg/ha","9294"
"QCL","Crops and livestock products","124","Canada","5412","Yield","0112","Maize (corn)","2015","2015","kg/ha","10205.5"
"QCL","Crops and livestock products","124","Canada","5412","Yield","0112","Maize (corn)","2016","2016","kg/ha","9826"
"QCL","Crops and livestock products","124","Canada","5412","Yield","0112","Maize (corn)","2017","2017","kg/ha","10023.8"
"QCL","Crops and livestock products","124","Canada","5412","Yield","0112","Maize (corn)","2018","2018","kg/ha","9704.9"
"QCL","Crops and livestock products","124","Canada","5412","Yield","0112","Maize (corn)","2019","2019","kg/ha","9236.4"
"QCL","Crops and livestock products","124","Canada","5412","Yield","0112","Maize (corn)","2020","2020","kg/ha","9631.7"
"QCL","Crops and livestock products","124","Canada","5412","Yield","0112","Maize (corn)","2021","2021","kg/ha","9995.8"
"QCL","Crops and livestock products","124","Canada","5412","Yield","0112","Maize (corn)","2022","2022","kg/ha","10069.2"
"QCL","Crops and livestock products","124","Canada","5412","Yield","0112","Maize (corn)","2023","2023","kg/ha","9925.6"
"QCL","Crops and livestock products","124","Canada","5412","Yield","0141","Soya beans","2000","2000","kg/ha","2548.3"
"QCL","Crops and livestock products","124","Canada","5412","Yield","0141","Soya beans","2001","2001","kg/ha","1529.8"
"QCL","Crops and livestock products","124","Canada","5412","Yield","0141","Soya beans","2002","2002","kg/ha","2281.4"
"QCL","Crops and livestock products","124","Canada","5412","Yield","0141","Soya beans","2003","2003","kg/ha","2167.9"
"QCL","Crops and livestock products","124","Canada","5412","Yield","0141","Soya beans","2004","2004","kg/ha","2593.9"
"QCL","Crops and livestock products","124","Canada","5412","Yield","0141","Soya beans","2005","2005","kg/ha","2708.2"
"QCL","Crops and livestock products","124","Canada","5412","Yield","0141","Soya beans","2006","2006","kg/ha","2885"
"QCL","Crops and livestock products","124","Canada","5412","Yield","0141","Soya beans","2007","2007","kg/ha","2301"
"QCL","Crops and livestock products","124","Canada","5412","Yield","0141","Soya beans","2008","2008","kg/ha","2790.6"
"QCL","Crops and livestock products","124","Canada","5412","Yield","0141","Soya beans","2009","2009","kg/ha","2537.1"
"QCL","Crops and livestock products","124","Canada","5412","Yield","0141","Soya beans","2010","2010","kg/ha","2951.5"
"QCL","Crops and livestock products","124","Canada","5412","Yield","0141","Soya beans","2011","2011","kg/ha","2873.8"
"QCL","Crops and livestock products","124","Canada","5412","Yield","0141","Soya beans","2012","2012","kg/ha","3001"
"QCL","Crops and livestock products","124","Canada","5412","Yield","0141","Soya beans","2013","2013","kg/ha","2871.6"
"QCL","Crops and livestock products","124","Canada","5412","Yield","0141","Soya beans","2014","2014","kg/ha","2678.6"
"QCL","Crops and livestock products","124","Canada","5412","Yield","0141","Soya beans","2015","2015","kg/ha","2892"
"QCL","Crops and livestock products","124","Canada","5412","Yield","0141","Soya beans","2016","2016","kg/ha","2955.7"
"QCL","Crops and livestock products","124","Canada","5412","Yield","0141","Soya beans","2017","2017","kg/ha","2629.3"
"QCL","Crops and livestock products","124","Canada","5412","Yield","0141","Soya beans","2018","2018","kg/ha","2920.4"
"QCL","Crops and livestock products","124","Canada","5412","Yield","0141","Soya beans","2019","2019","kg/ha","2706.5"
"QCL","Crops and livestock products","124","Canada","5412","Yield","0141","Soya beans","2020","2020","kg/ha","3115.1"
"QCL","Crops and livestock products","124","Canada","5412","Yield","0141","Soya beans","2021","2021","kg/ha","2992.2"
"QCL","Crops and livestock products","124","Canada","5412","Yield","0141","Soya beans","2022","2022","kg/ha","3089.3"
"QCL","Crops and livestock products","124","Canada","5412","Yield","0141","Soya beans","2023","2023","kg/ha","3087.1"
"QCL","Crops and livestock products","124","Canada","5412","Yield","0111","Wheat","2000","2000","kg/ha","2444.6"
"QCL","Crops and livestock products","124","Canada","5412","Yield","0111","Wheat","2001","2001","kg/ha","1945.2"
"QCL","Crops and livestock products","124","Canada","5412","Yield","0111","Wheat","2002","2002","kg/ha","1832.4"
"QCL","Crops and livestock products","124","Canada","5412","Yield","0111","Wheat","2003","2003","kg/ha","2256.5"
"QCL","Crops and livestock products","124","Canada","5412","Yield","0111","Wheat","2004","2004","kg/ha","2640.9"
"QCL","Crops and livestock products","124","Canada","5412","Yield","0111","Wheat","2005","2005","kg/ha","2738.1"
"QCL","Crops and livestock products","124","Canada","5412","Yield","0111","Wheat","2006","2006","kg/ha","2609.6"
"QCL","Crops and livestock products","124","Canada","5412","Yield","0111","Wheat","2007","2007","kg/ha","2331.7"
"QCL","Crops and livestock products","124","Canada","5412","Yield","0111","Wheat","2008","2008","kg/ha","2857.5"
"QCL","Crops and livestock products","124","Canada","5412","Yield","0111","Wheat","2009","2009","kg/ha","2789.7"
"QCL","Crops and livestock products","124","Canada","5412","Yield","0111","Wheat","2010","2010","kg/ha","2808.5"
"QCL","Crops and livestock products","124","Canada","5412","Yield","0111","Wheat","2011","2011","kg/ha","2956.8"
"QCL","Crops and livestock products","124","Canada","5412","Yield","0111","Wheat","2012","2012","kg/ha","2874.3"
"QCL","Crops and livestock products","124","Canada","5412","Yield","0111","Wheat","2013","2013","kg/ha","3598"
"QCL","Crops and livestock products","124","Canada","5412","Yield","0111","Wheat","2014","2014","kg/ha","3081.8"
"QCL","Crops and livestock products","124","Canada","5412","Yield","0111","Wheat","2015","2015","kg/ha","2892.5"
"QCL","Crops and livestock products","124","Canada","5412","Yield","0111","Wheat","2016","2016","kg/ha","3580.5"
"QCL","Crops and livestock products","124","Canada","5412","Yield","0111","Wheat","2017","2017","kg/ha","3381.5"
"QCL","Crops and livestock products","124","Canada","5412","Yield","0111","Wheat","2018","2018","kg/ha","3274.2"
"QCL","Crops and livestock products","124","Canada","5412","Yield","0111","Wheat","2019","2019","kg/ha","3383.4"
"QCL","Crops and livestock products","124","Canada","5412","Yield","0111","Wheat","2020","2020","kg/ha","3537.4"
"QCL","Crops and livestock products","124","Canada","5412","Yield","0111","Wheat","2021","2021","kg/ha","2437.5"
"QCL","Crops and livestock products","124","Canada","5412","Yield","0111","Wheat","2022","2022","kg/ha","3405.6"
"QCL","Crops and livestock products","124","Canada","5412","Yield","0111","Wheat","2023","2023","kg/ha","2991.3"
"QCL","Crops and livestock products","159","China","5412","Yield","0115","Barley","2000","2000","kg/ha","2472.9"
"QCL","Crops and livestock products","159","China","5412","Yield","0115","Barley","2001","2001","kg/ha","3757.1"
"QCL","Crops and livestock products","159","China","5412","Yield","0115","Barley","2002","2002","kg/ha","3632.9"
"QCL","Crops and livestock products","159","China","5412","Yield","0115","Barley","2003","2003","kg/ha","3559.9"
"QCL","Crops and livestock products","159","China","5412","Yield","0115","Barley","2004","2004","kg/ha","4102.2"
"QCL","Crops and livestock products","159","China","5412","Yield","0115","Barley","2005","2005","kg/ha","4145.2"
"QCL","Crops and livestock products","159","China","5412","Yield","0115","Barley","2006","2006","kg/ha","3762.7"
"QCL","Crops and livestock products","159","China","5412","Yield","0115","Barley","2007","2007","kg/ha","3604.9"
"QCL","Crops and livestock products","159","China","5412","Yield","0115","Barley","2008","2008","kg/ha","3556.9"
"QCL","Crops and livestock products","159","China","5412","Yield","0115","Barley","2009","2009","kg/ha","3701.1"
"QCL","Crops and livestock products","159","China","5412","Yield","0115","Barley","2010","2010","kg/ha","3402.3"
"QCL","Crops and livestock products","159","China","5412","Yield","0115","Barley","2011","2011","kg/ha","3199.8"
"QCL","Crops and livestock products","159","China","5412","Yield","0115","Barley","2012","2012","kg/ha","3318.7"
"QCL","Crops and livestock products","159","China","5412","Yield","0115","Barley","2013","2013","kg/ha","3649.8"
"QCL","Crops and livestock products","159","China","5412","Yield","0115","Barley","2014","2014","kg/ha","3865.2"
"QCL","Crops and livestock products","159","China","5412","Yield","0115","Barley","2015","2015","kg/ha","4182.7"
"QCL","Crops and livestock products","159","China","5412","Yield","0115","Barley","2016","2016","kg/ha","3749.9"
"QCL","Crops and livestock products","159","China","5412","Yield","0115","Barley","2017","2017","kg/ha","3288.6"
"QCL","Crops and livestock products","159","China","5412","Yield","0115","Barley","2018","2018","kg/ha","4002"
"QCL","Crops and livestock products","159","China","5412","Yield","0115","Barley","2019","2019","kg/ha","3935.4"
"QCL","Crops and livestock products","159","China","5412","Yield","0115","Barley","2020","2020","kg/ha","4000"
"QCL","Crops and livestock products","159","China","5412","Yield","0115","Barley","2021","2021","kg/ha","3937.3"
"QCL","Crops and livestock products","159","China","5412","Yield","0115","Barley","2022","2022","kg/ha","4000"
"QCL","Crops and livestock products","159","China","5412","Yield","0115","Barley","2023","2023","kg/ha","4077.9"
"QCL","Crops and livestock products","159","China","5412","Yield","0112","Maize (corn)","2000","2000","kg/ha","4599.2"
"QCL","Crops and livestock products","159","China","5412","Yield","0112","Maize (corn)","2001","2001","kg/ha","4699.9"
"QCL","Crops and livestock products","159","China","5412","Yield","0112","Maize (corn)","2002","2002","kg/ha","4873.7"
"QCL","Crops and livestock products","159","China","5412","Yield","0112","Maize (corn)","2003","2003","kg/ha","4814.6"
"QCL","Crops and livestock products","159","China","5412","Yield","0112","Maize (corn)","2004","2004","kg/ha","5121.7"
"QCL","Crops and livestock products","159","China","5412","Yield","0112","Maize (corn)","2005","2005","kg/ha","5288.1"
"QCL","Crops and livestock products","159","China","5412","Yield","0112","Maize (corn)","2006","2006","kg/ha","5327.2"
"QCL","Crops and livestock products","159","China","5412","Yield","0112","Maize (corn)","2007","2007","kg/ha","5167.3"
"QCL","Crops and livestock products","159","China","5412","Yield","0112","Maize (corn)","2008","2008","kg/ha","5556.1"
"QCL","Crops and livestock products","159","China","5412","Yield","0112","Maize (corn)","2009","2009","kg/ha","5259.3"
"QCL","Crops and livestock products","159","China","5412","Yield","0112","Maize (corn)","2010","2010","kg/ha","5459.8"
"QCL","Crops and livestock products","159","China","5412","Yield","0112","Maize (corn)","2011","2011","kg/ha","5748.1"
"QCL","Crops and livestock products","159","China","5412","Yield","0112","Maize (corn)","2012","2012","kg/ha","5869.9"
"QCL","Crops and livestock products","159","China","5412","Yield","0112","Maize (corn)","2013","2013","kg/ha","6016.1"
"QCL","Crops and livestock products","159","China","5412","Yield","0112","Maize (corn)","2014","2014","kg/ha","5809.1"
"QCL","Crops and livestock products","159","China","5412","Yield","0112","Maize (corn)","2015","2015","kg/ha","5892.9"
"QCL","Crops and livestock products","159","China","5412","Yield","0112","Maize (corn)","2016","2016","kg/ha","5966.7"
"QCL","Crops and livestock products","159","China","5412","Yield","0112","Maize (corn)","2017","2017","kg/ha","6110.3"
"QCL","Crops and livestock products","159","China","5412","Yield","0112","Maize (corn)","2018","2018","kg/ha","6104.2"
"QCL","Crops and livestock products","159","China","5412","Yield","0112","Maize (corn)","2019","2019","kg/ha","6317.1"
"QCL","Crops and livestock products","159","China","5412","Yield","0112","Maize (corn)","2020","2020","kg/ha","6317.8"
"QCL","Crops and livestock products","159","China","5412","Yield","0112","Maize (corn)","2021","2021","kg/ha","6291.2"
"QCL","Crops and livestock products","159","China","5412","Yield","0112","Maize (corn)","2022","2022","kg/ha","6436.1"
"QCL","Crops and livestock products","159","China","5412","Yield","0112","Maize (corn)","2023","2023","kg/ha","6532"
"QCL","Crops and livestock products","159","China","5412","Yield","0113","Rice","2000","2000","kg/ha","6264.2"
"QCL","Crops and livestock products","159","China","5412","Yield","0113","Rice","2001","2001","kg/ha","6152.4"
"QCL","Crops and livestock products","159","China","5412","Yield","0113","Rice","2002","2002","kg/ha","6185.6"
"QCL","Crops and livestock products","159","China","5412","Yield","0113","Rice","2003","2003","kg/ha","6060.6"
"QCL","Crops and livestock products","159","China","5412","Yield","0113","Rice","2004","2004","kg/ha","6308.4"
"QCL","Crops and livestock products","159","China","5412","Yield","0113","Rice","2005","2005","kg/ha","6252.7"
"QCL","Crops and livestock products","159","China","5412","Yield","0113","Rice","2006","2006","kg/ha","6276.4"
"QCL","Crops and livestock products","159","China","5412","Yield","0113","Rice","2007","2007","kg/ha","6422.4"
"QCL","Crops and livestock products","159","China","5412","Yield","0113","Rice","2008","2008","kg/ha","6555.8"
"QCL","Crops and livestock products","159","China","5412","Yield","0113","Rice","2009","2009","kg/ha","6582"
"QCL","Crops and livestock products","159","China","5412","Yield","0113","Rice","2010","2010","kg/ha","6548.2"
"QCL","Crops and livestock products","159","China","5412","Yield","0113","Rice","2011","2011","kg/ha","6686.2"
"QCL","Crops and livestock products","159","China","5412","Yield","0113","Rice","2012","2012","kg/ha","6774.7"
"QCL","Crops and livestock products","159","China","5412","Yield","0113","Rice","2013","2013","kg/ha","6710"
"QCL","Crops and livestock products","159","China","5412","Yield","0113","Rice","2014","2014","kg/ha","6809.5"
"QCL","Crops and livestock products","159","China","5412","Yield","0113","Rice","2015","2015","kg/ha","6886.3"
"QCL","Crops and livestock products","159","China","5412","Yield","0113","Rice","2016","2016","kg/ha","6856.3"
"QCL","Crops and livestock products","159","China","5412","Yield","0113","Rice","2017","2017","kg/ha","6912.2"
"QCL","Crops and livestock products","159","China","5412","Yield","0113","Rice","2018","2018","kg/ha","7028"
"QCL","Crops and livestock products","159","China","5412","Yield","0113","Rice","2019","2019","kg/ha","7056.2"
"QCL","Crops and livestock products","159","China","5412","Yield","0113","Rice","2020","2020","kg/ha","7040.2"
"QCL","Crops and livestock products","159","China","5412","Yield","0113","Rice","2021","2021","kg/ha","7112.4"
"QCL","Crops and livestock products","159","China","5412","Yield","0113","Rice","2022","2022","kg/ha","7075.7"
"QCL","Crops and livestock products","159","China","5412","Yield","0113","Rice","2023","2023","kg/ha","7132.5"
"QCL","Crops and livestock products","159","China","5412","Yield","0141","Soya beans","2000","2000","kg/ha","1655.7"
"QCL","Crops and livestock products","159","China","5412","Yield","0141","Soya beans","2001","2001","kg/ha","1624.8"
"QCL","Crops and livestock products","159","China","5412","Yield","0141","Soya beans","2002","2002","kg/ha","1892.9"
"QCL","Crops and livestock products","159","China","5412","Yield","0141","Soya beans","2003","2003","kg/ha","1652.9"
"QCL","Crops and livestock products","159","China","5412","Yield","0141","Soya beans","2004","2004","kg/ha","1814.8"
"QCL","Crops and livestock products","159","China","5412","Yield","0141","Soya beans","2005","2005","kg/ha","1704.5"
"QCL","Crops and livestock products","159","China","5412","Yield","0141","Soya beans","2006","2006","kg/ha","1620.9"
"QCL","Crops and livestock products","159","China","5412","Yield","0141","Soya beans","2007","2007","kg/ha","1453.7"
"QCL","Crops and livestock products","159","China","5412","Yield","0141","Soya beans","2008","2008","kg/ha","1702.8"
"QCL","Crops and livestock products","159","China","5412","Yield","0141","Soya beans","2009","2009","kg/ha","1630.2"
"QCL","Crops and livestock products","159","China","5412","Yield","0141","Soya beans","2010","2010","kg/ha","1771.2"
"QCL","Crops and livestock products","159","China","5412","Yield","0141","Soya beans","2011","2011","kg/ha","1836.2"
"QCL","Crops and livestock products","159","China","5412","Yield","0141","Soya beans","2012","2012","kg/ha","1814.4"
"QCL","Crops and livestock products","159","China","5412","Yield","0141","Soya beans","2013","2013","kg/ha","1760"
"QCL","Crops and livestock products","159","China","5412","Yield","0141","Soya beans","2014","2014","kg/ha","1787.4"
"QCL","Crops and livestock products","159","China","5412","Yield","0141","Soya beans","2015","2015","kg/ha","1811.3"
"QCL","Crops and livestock products","159","China","5412","Yield","0141","Soya beans","2016","2016","kg/ha","1803"
"QCL","Crops and livestock products","159","China","5412","Yield","0141","Soya beans","2017","2017","kg/ha","1853.4"
"QCL","Crops and livestock products","159","China","5412","Yield","0141","Soya beans","2018","2018","kg/ha","1897.8"
"QCL","Crops and livestock products","159","China","5412","Yield","0141","Soya beans","2019","2019","kg/ha","1946"
"QCL","Crops and livestock products","159","China","5412","Yield","0141","Soya beans","2020","2020","kg/ha","1983.1"
"QCL","Crops and livestock products","159","China","5412","Yield","0141","Soya beans","2021","2021","kg/ha","1948"
"QCL","Crops and livestock products","159","China","5412","Yield","0141","Soya beans","2022","2022","kg/ha","1980"
"QCL","Crops and livestock products","159","China","5412","Yield","0141","Soya beans","2023","2023","kg/ha","1952.6"
"QCL","Crops and livestock products","159","China","5412","Yield","0111","Wheat","2000","2000","kg/ha","3738.2"
"QCL","Crops and livestock products","159","China","5412","Yield","0111","Wheat","2001","2001","kg/ha","3806.1"
"QCL","Crops and livestock products","159","China","5412","Yield","0111","Wheat","2002","2002","kg/ha","3776.6"
"QCL","Crops and livestock products","159","China","5412","Yield","0111","Wheat","2003","2003","kg/ha","3931.8"
"QCL","Crops and livestock products","159","China","5412","Yield","0111","Wheat","2004","2004","kg/ha","4251.9"
"QCL","Crops and livestock products","159","China","5412","Yield","0111","Wheat","2005","2005","kg/ha","4275.3"
"QCL","Crops and livestock products","159","China","5412","Yield","0111","Wheat","2006","2006","kg/ha","4593.5"
"QCL","Crops and livestock products","159","China","5412","Yield","0111","Wheat","2007","2007","kg/ha","4607.6"
"QCL","Crops and livestock products","159","China","5412","Yield","0111","Wheat","2008","2008","kg/ha","4762"
"QCL","Crops and livestock products","159","China","5412","Yield","0111","Wheat","2009","2009","kg/ha","4739"
"QCL","Crops and livestock products","159","China","5412","Yield","0111","Wheat","2010","2010","kg/ha","4748.4"
"QCL","Crops and livestock products","159","China","5412","Yield","0111","Wheat","2011","2011","kg/ha","4837.4"
"QCL","Crops and livestock products","159","China","5412","Yield","0111","Wheat","2012","2012","kg/ha","4986.8"
"QCL","Crops and livestock products","159","China","5412","Yield","0111","Wheat","2013","2013","kg/ha","5055.3"
"QCL","Crops and livestock products","159","China","5412","Yield","0111","Wheat","2014","2014","kg/ha","5243.3"
"QCL","Crops and livestock products","159","China","5412","Yield","0111","Wheat","2015","2015","kg/ha","5392.3"
"QCL","Crops and livestock products","159","China","5412","Yield","0111","Wheat","2016","2016","kg/ha","5396.1"
"QCL","Crops and livestock products","159","China","5412","Yield","0111","Wheat","2017","2017","kg/ha","5483.8"
"QCL","Crops and livestock products","159","China","5412","Yield","0111","Wheat","2018","2018","kg/ha","5416.3"
"QCL","Crops and livestock products","159","China","5412","Yield","0111","Wheat","2019","2019","kg/ha","5629.4"
"QCL","Crops and livestock products","159","China","5412","Yield","0111","Wheat","2020","2020","kg/ha","5741.6"
"QCL","Crops and livestock products","159","China","5412","Yield","0111","Wheat","2021","2021","kg/ha","5810.2"
"QCL","Crops and livestock products","159","China","5412","Yield","0111","Wheat","2022","2022","kg/ha","5855.2"
"QCL","Crops and livestock products","159","China","5412","Yield","0111","Wheat","2023","2023","kg/ha","5780.8"
"QCL","Crops and livestock products","356","India","5412","Yield","0115","Barley","2000","2000","kg/ha","1997.2"
"QCL","Crops and livestock products","356","India","5412","Yield","0115","Barley","2001","2001","kg/ha","1840"
"QCL","Crops and livestock products","356","India","5412","Yield","0115","Barley","2002","2002","kg/ha","2160"
"QCL","Crops and livestock products","356","India","5412","Yield","0115","Barley","2003","2003","kg/ha","2006"
"QCL","Crops and livestock products","356","India","5412","Yield","0115","Barley","2004","2004","kg/ha","1975"
"QCL","Crops and livestock products","356","India","5412","Yield","0115","Barley","2005","2005","kg/ha","1958"
"QCL","Crops and livestock products","356","India","5412","Yield","0115","Barley","2006","2006","kg/ha","1937.8"
"QCL","Crops and livestock products","356","India","5412","Yield","0115","Barley","2007","2007","kg/ha","2058.2"
"QCL","Crops and livestock products","356","India","5412","Yield","0115","Barley","2008","2008","kg/ha","1991.4"
"QCL","Crops and livestock products","356","India","5412","Yield","0115","Barley","2009","2009","kg/ha","2393.5"
"QCL","Crops and livestock products","356","India","5412","Yield","0115","Barley","2010","2010","kg/ha","2171.7"
"QCL","Crops and livestock products","356","India","5412","Yield","0115","Barley","2011","2011","kg/ha","2357.4"
"QCL","Crops and livestock products","356","India","5412","Yield","0115","Barley","2012","2012","kg/ha","2519.4"
"QCL","Crops and livestock products","356","India","5412","Yield","0115","Barley","2013","2013","kg/ha","2518"
"QCL","Crops and livestock products","356","India","5412","Yield","0115","Barley","2014","2014","kg/ha","2717.1"
"QCL","Crops and livestock products","356","India","5412","Yield","0115","Barley","2015","2015","kg/ha","2281.5"
"QCL","Crops and livestock products","356","India","5412","Yield","0115","Barley","2016","2016","kg/ha","2440.7"
"QCL","Crops and livestock products","356","India","5412","Yield","0115","Barley","2017","2017","kg/ha","2662.8"
"QCL","Crops and livestock products","356","India","5412","Yield","0115","Barley","2018","2018","kg/ha","2694.9"
"QCL","Crops and livestock products","356","India","5412","Yield","0115","Barley","2019","2019","kg/ha","2837.2"
"QCL","Crops and livestock products","356","India","5412","Yield","0115","Barley","2020","2020","kg/ha","2920.5"
"QCL","Crops and livestock products","356","India","5412","Yield","0115","Barley","2021","2021","kg/ha","2795.7"
"QCL","Crops and livestock products","356","India","5412","Yield","0115","Barley","2022","2022","kg/ha","3025.1"
"QCL","Crops and livestock products","356","India","5412","Yield","0115","Barley","2023","2023","kg/ha","3044.5"
"QCL","Crops and livestock products","356","India","5412","Yield","0112","Maize (corn)","2000","2000","kg/ha","1821.6"
"QCL","Crops and livestock products","356","India","5412","Yield","0112","Maize (corn)","2001","2001","kg/ha","1999.6"
"QCL","Crops and livestock products","356","India","5412","Yield","0112","Maize (corn)","2002","2002","kg/ha","1680.7"
"QCL","Crops and livestock products","356","India","5412","Yield","0112","Maize (corn)","2003","2003","kg/ha","2040.5"
"QCL","Crops and livestock products","356","India","5412","Yield","0112","Maize (corn)","2004","2004","kg/ha","1907.3"
"QCL","Crops and livestock products","356","India","5412","Yield","0112","Maize (corn)","2005","2005","kg/ha","1938.5"
"QCL","Crops and livestock products","356","India","5412","Yield","0112","Maize (corn)","2006","2006","kg/ha","1912.5"
"QCL","Crops and livestock products","356","India","5412","Yield","0112","Maize (corn)","2007","2007","kg/ha","2335.2"
"QCL","Crops and livestock products","356","India","5412","Yield","0112","Maize (corn)","2008","2008","kg/ha","2414"
"QCL","Crops and livestock products","356","India","5412","Yield","0112","Maize (corn)","2009","2009","kg/ha","2023.8"
"QCL","Crops and livestock products","356","India","5412","Yield","0112","Maize (corn)","2010","2010","kg/ha","2540.1"
"QCL","Crops and livestock products","356","India","5412","Yield","0112","Maize (corn)","2011","2011","kg/ha","2478.4"
"QCL","Crops and livestock products","356","India","5412","Yield","0112","Maize (corn)","2012","2012","kg/ha","2555.7"
"QCL","Crops and livestock products","356","India","5412","Yield","0112","Maize (corn)","2013","2013","kg/ha","2572.6"
"QCL","Crops and livestock products","356","India","5412","Yield","0112","Maize (corn)","2014","2014","kg/ha","2572.6"
"QCL","Crops and livestock products","356","India","5412","Yield","0112","Maize (corn)","2015","2015","kg/ha","2610.7"
"QCL","Crops and livestock products","356","India","5412","Yield","0112","Maize (corn)","2016","2016","kg/ha","2597.2"
"QCL","Crops and livestock products","356","India","5412","Yield","0112","Maize (corn)","2017","2017","kg/ha","2688.6"
"QCL","Crops and livestock products","356","India","5412","Yield","0112","Maize (corn)","2018","2018","kg/ha","3065.3"
"QCL","Crops and livestock products","356","India","5412","Yield","0112","Maize (corn)","2019","2019","kg/ha","3070.2"
"QCL","Crops and livestock products","356","India","5412","Yield","0112","Maize (corn)","2020","2020","kg/ha","3006.1"
"QCL","Crops and livestock products","356","India","5412","Yield","0112","Maize (corn)","2021","2021","kg/ha","3199.3"
"QCL","Crops and livestock products","356","India","5412","Yield","0112","Maize (corn)","2022","2022","kg/ha","3387.2"
"QCL","Crops and livestock products","356","India","5412","Yield","0112","Maize (corn)","2023","2023","kg/ha","3544.9"
"QCL","Crops and livestock products","356","India","5412","Yield","0113","Rice","2000","2000","kg/ha","2850.8"
"QCL","Crops and livestock products","356","India","5412","Yield","0113","Rice","2001","2001","kg/ha","3115.8"
"QCL","Crops and livestock products","356","India","5412","Yield","0113","Rice","2002","2002","kg/ha","2616.3"
"QCL","Crops and livestock products","356","India","5412","Yield","0113","Rice","2003","2003","kg/ha","3117.7"
"QCL","Crops and livestock products","356","India","5412","Yield","0113","Rice","2004","2004","kg/ha","2975.6"
"QCL","Crops and livestock products","356","India","5412","Yield","0113","Rice","2005","2005","kg/ha","3153.7"
"QCL","Crops and livestock products","356","India","5412","Yield","0113","Rice","2006","2006","kg/ha","3175.9"
"QCL","Crops and livestock products","356","India","5412","Yield","0113","Rice","2007","2007","kg/ha","3292.4"
"QCL","Crops and livestock products","356","India","5412","Yield","0113","Rice","2008","2008","kg/ha","3250.9"
"QCL","Crops and livestock products","356","India","5412","Yield","0113","Rice","2009","2009","kg/ha","3236.6"
"QCL","Crops and livestock products","356","India","5412","Yield","0113","Rice","2010","2010","kg/ha","3358.7"
"QCL","Crops and livestock products","356","India","5412","Yield","0113","Rice","2011","2011","kg/ha","3587.8"
"QCL","Crops and livestock products","356","India","5412","Yield","0113","Rice","2012","2012","kg/ha","3690.9"
"QCL","Crops and livestock products","356","India","5412","Yield","0113","Rice","2013","2013","kg/ha","3624.3"
"QCL","Crops and livestock products","356","India","5412","Yield","0113","Rice","2014","2014","kg/ha","3586.8"
"QCL","Crops and livestock products","356","India","5412","Yield","0113","Rice","2015","2015","kg/ha","3600.2"
"QCL","Crops and livestock products","356","India","5412","Yield","0113","Rice","2016","2016","kg/ha","3740.1"
"QCL","Crops and livestock products","356","India","5412","Yield","0113","Rice","2017","2017","kg/ha","3863.7"
"QCL","Crops and livestock products","356","India","5412","Yield","0113","Rice","2018","2018","kg/ha","3956.7"
"QCL","Crops and livestock products","356","India","5412","Yield","0113","Rice","2019","2019","kg/ha","4083.6"
"QCL","Crops and livestock products","356","India","5412","Yield","0113","Rice","2020","2020","kg/ha","4075.7"
"QCL","Crops and livestock products","356","India","5412","Yield","0113","Rice","2021","2021","kg/ha","4196.2"
"QCL","Crops and livestock products","356","India","5412","Yield","0113","Rice","2022","2022","kg/ha","4257.1"
"QCL","Crops and livestock products","356","India","5412","Yield","0113","Rice","2023","2023","kg/ha","4322.3"
"QCL","Crops and livestock products","356","India","5412","Yield","0141","Soya beans","2000","2000","kg/ha","822.2"
"QCL","Crops and livestock products","356","India","5412","Yield","0141","Soya beans","2001","2001","kg/ha","940"
"QCL","Crops and livestock products","356","India","5412","Yield","0141","Soya beans","2002","2002","kg/ha","762.4"
"QCL","Crops and livestock products","356","India","5412","Yield","0141","Soya beans","2003","2003","kg/ha","1192.9"
"QCL","Crops and livestock products","356","India","5412","Yield","0141","Soya beans","2004","2004","kg/ha","908.2"
"QCL","Crops and livestock products","356","India","5412","Yield","0141","Soya beans","2005","2005","kg/ha","1073.4"
"QCL","Crops and livestock products","356","India","5412","Yield","0141","Soya beans","2006","2006","kg/ha","1062.8"
"QCL","Crops and livestock products","356","India","5412","Yield","0141","Soya beans","2007","2007","kg/ha","1235.1"
"QCL","Crops and livestock products","356","India","5412","Yield","0141","Soya beans","2008","2008","kg/ha","1041.5"
"QCL","Crops and livestock products","356","India","5412","Yield","0141","Soya beans","2009","2009","kg/ha","1023.6"
"QCL","Crops and livestock products","356","India","5412","Yield","0141","Soya beans","2010","2010","kg/ha","1333"
"QCL","Crops and livestock products","356","India","5412","Yield","0141","Soya beans","2011","2011","kg/ha","1199.8"
"QCL","Crops and livestock products","356","India","5412","Yield","0141","Soya beans","2012","2012","kg/ha","1353"
"QCL","Crops and livestock products","356","India","5412","Yield","0141","Soya beans","2013","2013","kg/ha","1012.3"
"QCL","Crops and livestock products","356","India","5412","Yield","0141","Soya beans","2014","2014","kg/ha","935.8"
"QCL","Crops and livestock products","356","India","5412","Yield","0141","Soya beans","2015","2015","kg/ha","734.4"
"QCL","Crops and livestock products","356","India","5412","Yield","0141","Soya beans","2016","2016","kg/ha","1177"
"QCL","Crops and livestock products","356","India","5412","Yield","0141","Soya beans","2017","2017","kg/ha","1176.6"
"QCL","Crops and livestock products","356","India","5412","Yield","0141","Soya beans","2018","2018","kg/ha","1058.5"
"QCL","Crops and livestock products","356","India","5412","Yield","0141","Soya beans","2019","2019","kg/ha","1191.9"
"QCL","Crops and livestock products","356","India","5412","Yield","0141","Soya beans","2020","2020","kg/ha","920.7"
"QCL","Crops and livestock products","356","India","5412","Yield","0141","Soya beans","2021","2021","kg/ha","976.2"
"QCL","Crops and livestock products","356","India","5412","Yield","0141","Soya beans","2022","2022","kg/ha","1069.2"
"QCL","Crops and livestock products","356","India","5412","Yield","0141","Soya beans","2023","2023","kg/ha","1145.3"
"QCL","Crops and livestock products","356","India","5412","Yield","0111","Wheat","2000","2000","kg/ha","2778.5"
"QCL","Crops and livestock products","356","India","5412","Yield","0111","Wheat","2001","2001","kg/ha","2708.1"
"QCL","Crops and livestock products","356","India","5412","Yield","0111","Wheat","2002","2002","kg/ha","2762.1"
"QCL","Crops and livestock products","356","India","5412","Yield","0111","Wheat","2003","2003","kg/ha","2610"
"QCL","Crops and livestock products","356","India","5412","Yield","0111","Wheat","2004","2004","kg/ha","2713.2"
"QCL","Crops and livestock products","356","India","5412","Yield","0111","Wheat","2005","2005","kg/ha","2601.6"
"QCL","Crops and livestock products","356","India","5412","Yield","0111","Wheat","2006","2006","kg/ha","2618.8"
"QCL","Crops and livestock products","356","India","5412","Yield","0111","Wheat","2007","2007","kg/ha","2707.9"
"QCL","Crops and livestock products","356","India","5412","Yield","0111","Wheat","2008","2008","kg/ha","2802.2"
"QCL","Crops and livestock products","356","India","5412","Yield","0111","Wheat","2009","2009","kg/ha","2907.1"
"QCL","Crops and livestock products","356","India","5412","Yield","0111","Wheat","2010","2010","kg/ha","2839.5"
"QCL","Crops and livestock products","356","India","5412","Yield","0111","Wheat","2011","2011","kg/ha","2988.6"
"QCL","Crops and livestock products","356","India","5412","Yield","0111","Wheat","2012","2012","kg/ha","3177.5"
"QCL","Crops and livestock products","356","India","5412","Yield","0111","Wheat","2013","2013","kg/ha","3153.8"
"QCL","Crops and livestock products","356","India","5412","Yield","0111","Wheat","2014","2014","kg/ha","3145.7"
"QCL","Crops and livestock products","356","India","5412","Yield","0111","Wheat","2015","2015","kg/ha","2749.6"
"QCL","Crops and livestock products","356","India","5412","Yield","0111","Wheat","2016","2016","kg/ha","3033.9"
"QCL","Crops and livestock products","356","India","5412","Yield","0111","Wheat","2017","2017","kg/ha","3199.9"
"QCL","Crops and livestock products","356","India","5412","Yield","0111","Wheat","2018","2018","kg/ha","3368.2"
"QCL","Crops and livestock products","356","India","5412","Yield","0111","Wheat","2019","2019","kg/ha","3533.4"
"QCL","Crops and livestock products","356","India","5412","Yield","0111","Wheat","2020","2020","kg/ha","3439.8"
"QCL","Crops and livestock products","356","India","5412","Yield","0111","Wheat","2021","2021","kg/ha","3520.8"
"QCL","Crops and livestock products","356","India","5412","Yield","0111","Wheat","2022","2022","kg/ha","3537.3"
"QCL","Crops and livestock products","356","India","5412","Yield","0111","Wheat","2023","2023","kg/ha","3520.7"
"QCL","Crops and livestock products","840","United States of America","5412","Yield","0115","Barley","2000","2000","kg/ha","3288.1"
"QCL","Crops and livestock products","840","United States of America","5412","Yield","0115","Barley","2001","2001","kg/ha","3126.7"
"QCL","Crops and livestock products","840","United States of America","5412","Yield","0115","Barley","2002","2002","kg/ha","2960.9"
"QCL","Crops and livestock products","840","United States of America","5412","Yield","0115","Barley","2003","2003","kg/ha","3167.3"
"QCL","Crops and livestock products","840","United States of America","5412","Yield","0115","Barley","2004","2004","kg/ha","3742.9"
"QCL","Crops and livestock products","840","United States of America","5412","Yield","0115","Barley","2005","2005","kg/ha","3487.3"
"QCL","Crops and livestock products","840","United States of America","5412","Yield","0115","Barley","2006","2006","kg/ha","3284.6"
"QCL","Crops and livestock products","840","United States of America","5412","Yield","0115","Barley","2007","2007","kg/ha","3227.9"
"QCL","Crops and livestock products","840","United States of America","5412","Yield","0115","Barley","2008","2008","kg/ha","3407.2"
"QCL","Crops and livestock products","840","United States of America","5412","Yield","0115","Barley","2009","2009","kg/ha","3915"
"QCL","Crops and livestock products","840","United States of America","5412","Yield","0115","Barley","2010","2010","kg/ha","3933.9"
"QCL","Crops and livestock products","840","United States of America","5412","Yield","0115","Barley","2011","2011","kg/ha","3716"
"QCL","Crops and livestock products","840","United States of America","5412","Yield","0115","Barley","2012","2012","kg/ha","3598.6"
"QCL","Crops and livestock products","840","United States of America","5412","Yield","0115","Barley","2013","2013","kg/ha","3835.8"
"QCL","Crops and livestock products","840","United States of America","5412","Yield","0115","Barley","2014","2014","kg/ha","3911.5"
"QCL","Crops and livestock products","840","United States of America","5412","Yield","0115","Barley","2015","2015","kg/ha","3708.3"
"QCL","Crops and livestock products","840","United States of America","5412","Yield","0115","Barley","2016","2016","kg/ha","4193.1"
"QCL","Crops and livestock products","840","United States of America","5412","Yield","0115","Barley","2017","2017","kg/ha","3928.3"
"QCL","Crops and livestock products","840","United States of America","5412","Yield","0115","Barley","2018","2018","kg/ha","4167.4"
"QCL","Crops and livestock products","840","United States of America","5412","Yield","0115","Barley","2019","2019","kg/ha","4178.5"
"QCL","Crops and livestock products","840","United States of America","5412","Yield","0115","Barley","2020","2020","kg/ha","4150.8"
"QCL","Crops and livestock products","840","United States of America","5412","Yield","0115","Barley","2021","2021","kg/ha","3253.7"
"QCL","Crops and livestock products","840","United States of America","5412","Yield","0115","Barley","2022","2022","kg/ha","3858.5"
"QCL","Crops and livestock products","840","United States of America","5412","Yield","0115","Barley","2023","2023","kg/ha","3896.3"
"QCL","Crops and livestock products","840","United States of America","5412","Yield","0112","Maize (corn)","2000","2000","kg/ha","8591.1"
"QCL","Crops and livestock products","840","United States of America","5412","Yield","0112","Maize (corn)","2001","2001","kg/ha","8673.3"
"QCL","Crops and livestock products","840","United States of America","5412","Yield","0112","Maize (corn)","2002","2002","kg/ha","8118"
"QCL","Crops and livestock products","840","United States of America","5412","Yield","0112","Maize (corn)","2003","2003","kg/ha","8924.6"
"QCL","Crops and livestock products","840","United States of America","5412","Yield","0112","Maize (corn)","2004","2004","kg/ha","10063.7"
"QCL","Crops and livestock products","840","United States of America","5412","Yield","0112","Maize (corn)","2005","2005","kg/ha","9285.2"
"QCL","Crops and livestock products","840","United States of America","5412","Yield","0112","Maize (corn)","2006","2006","kg/ha","9357.7"
"QCL","Crops and livestock products","840","United States of America","5412","Yield","0112","Maize (corn)","2007","2007","kg/ha","9458.5"
"QCL","Crops and livestock products","840","United States of America","5412","Yield","0112","Maize (corn)","2008","2008","kg/ha","9620.9"
"QCL","Crops and livestock products","840","United States of America","5412","Yield","0112","Maize (corn)","2009","2009","kg/ha","10318.1"
"QCL","Crops and livestock products","840","United States of America","5412","Yield","0112","Maize (corn)","2010","2010","kg/ha","9575.7"
"QCL","Crops and livestock products","840","United States of America","5412","Yield","0112","Maize (corn)","2011","2011","kg/ha","9214.6"
"QCL","Crops and livestock products","840","United States of America","5412","Yield","0112","Maize (corn)","2012","2012","kg/ha","7727"
"QCL","Crops and livestock products","840","United States of America","5412","Yield","0112","Maize (corn)","2013","2013","kg/ha","9925.6"
"QCL","Crops and livestock products","840","United States of America","5412","Yield","0112","Maize (corn)","2014","2014","kg/ha","10732.6"
"QCL","Crops and livestock products","840","United States of America","5412","Yield","0112","Maize (corn)","2015","2015","kg/ha","10572.3"
"QCL","Crops and livestock products","840","United States of America","5412","Yield","0112","Maize (corn)","2016","2016","kg/ha","11743.3"
"QCL","Crops and livestock products","840","United States of America","5412","Yield","0112","Maize (corn)","2017","2017","kg/ha","11083.7"
"QCL","Crops and livestock products","840","United States of America","5412","Yield","0112","Maize (corn)","2018","2018","kg/ha","11074.6"
"QCL","Crops and livestock products","840","United States of America","5412","Yield","0112","Maize (corn)","2019","2019","kg/ha","10510.4"
"QCL","Crops and livestock products","840","United States of America","5412","Yield","0112","Maize (corn)","2020","2020","kg/ha","10760.5"
"QCL","Crops and livestock products","840","United States of America","5412","Yield","0112","Maize (corn)","2021","2021","kg/ha","11091.2"
"QCL","Crops and livestock products","840","United States of America","5412","Yield","0112","Maize (corn)","2022","2022","kg/ha","10886.3"
"QCL","Crops and livestock products","840","United States of America","5412","Yield","0112","Maize (corn)","2023","2023","kg/ha","11130.6"
"QCL","Crops and livestock products","840","United States of America","5412","Yield","0113","Rice","2000","2000","kg/ha","7039.7"
"QCL","Crops and livestock products","840","United States of America","5412","Yield","0113","Rice","2001","2001","kg/ha","7280.7"
"QCL","Crops and livestock products","840","United States of America","5412","Yield","0113","Rice","2002","2002","kg/ha","7373"
"QCL","Crops and livestock products","840","United States of America","5412","Yield","0113","Rice","2003","2003","kg/ha","7475.9"
"QCL","Crops and livestock products","840","United States of America","5412","Yield","0113","Rice","2004","2004","kg/ha","7832.8"
"QCL","Crops and livestock products","840","United States of America","5412","Yield","0113","Rice","2005","2005","kg/ha","7424.5"
"QCL","Crops and livestock products","840","United States of America","5412","Yield","0113","Rice","2006","2006","kg/ha","7731.3"
"QCL","Crops and livestock products","840","United States of America","5412","Yield","0113","Rice","2007","2007","kg/ha","8091.7"
"QCL","Crops and livestock products","840","United States of America","5412","Yield","0113","Rice","2008","2008","kg/ha","7673.1"
"QCL","Crops and livestock products","840","United States of America","5412","Yield","0113","Rice","2009","2009","kg/ha","7941.3"
"QCL","Crops and livestock products","840","United States of America","5412","Yield","0113","Rice","2010","2010","kg/ha","7537.5"
"QCL","Crops and livestock products","840","United States of America","5412","Yield","0113","Rice","2011","2011","kg/ha","7920.9"
"QCL","Crops and livestock products","840","United States of America","5412","Yield","0113","Rice","2012","2012","kg/ha","8365.1"
"QCL","Crops and livestock products","840","United States of America","5412","Yield","0113","Rice","2013","2013","kg/ha","8623.2"
"QCL","Crops and livestock products","840","United States of America","5412","Yield","0113","Rice","2014","2014","kg/ha","8491.9"
"QCL","Crops and livestock products","840","United States of America","5412","Yield","0113","Rice","2015","2015","kg/ha","8372.2"
"QCL","Crops and livestock products","840","United States of America","5412","Yield","0113","Rice","2016","2016","kg/ha","8112.1"
"QCL","Crops and livestock products","840","United States of America","5412","Yield","0113","Rice","2017","2017","kg/ha","8414.7"
"QCL","Crops and livestock products","840","United States of America","5412","Yield","0113","Rice","2018","2018","kg/ha","8621.3"
"QCL","Crops and livestock products","840","United States of America","5412","Yield","0113","Rice","2019","2019","kg/ha","8375.9"
"QCL","Crops and livestock products","840","United States of America","5412","Yield","0113","Rice","2020","2020","kg/ha","8540.1"
"QCL","Crops and livestock products","840","United States of America","5412","Yield","0113","Rice","2021","2021","kg/ha","8641.6"
"QCL","Crops and livestock products","840","United States of America","5412","Yield","0113","Rice","2022","2022","kg/ha","8277.8"
"QCL","Crops and livestock products","840","United States of America","5412","Yield","0113","Rice","2023","2023","kg/ha","8572.8"
"QCL","Crops and livestock products","840","United States of America","5412","Yield","0141","Soya beans","2000","2000","kg/ha","2561.4"
"QCL","Crops and livestock products","840","United States of America","5412","Yield","0141","Soya beans","2001","2001","kg/ha","2663.9"
"QCL","Crops and livestock products","840","United States of America","5412","Yield","0141","Soya beans","2002","2002","kg/ha","2556.7"
"QCL","Crops and livestock products","840","United States of America","5412","Yield","0141","Soya beans","2003","2003","kg/ha","2276.9"
"QCL","Crops and livestock products","840","United States of America","5412","Yield","0141","Soya beans","2004","2004","kg/ha","2840.5"
"QCL","Crops and livestock products","840","United States of America","5412","Yield","0141","Soya beans","2005","2005","kg/ha","2896.1"
"QCL","Crops and livestock products","840","United States of America","5412","Yield","0141","Soya beans","2006","2006","kg/ha","2881.7"
"QCL","Crops and livestock products","840","United States of America","5412","Yield","0141","Soya beans","2007","2007","kg/ha","2806.7"
"QCL","Crops and livestock products","840","United States of America","5412","Yield","0141","Soya beans","2008","2008","kg/ha","2671.8"
"QCL","Crops and livestock products","840","United States of America","5412","Yield","0141","Soya beans","2009","2009","kg/ha","2959.5"
"QCL","Crops and livestock products","840","United States of America","5412","Yield","0141","Soya beans","2010","2010","kg/ha","2924.3"
"QCL","Crops and livestock products","840","United States of America","5412","Yield","0141","Soya beans","2011","2011","kg/ha","2823.2"
"QCL","Crops and livestock products","840","United States of America","5412","Yield","0141","Soya beans","2012","2012","kg/ha","2686.7"
"QCL","Crops and livestock products","840","United States of America","5412","Yield","0141","Soya beans","2013","2013","kg/ha","2961.5"
"QCL","Crops and livestock products","840","United States of America","5412","Yield","0141","Soya beans","2014","2014","kg/ha","3197.7"
"QCL","Crops and livestock products","840","United States of America","5412","Yield","0141","Soya beans","2015","2015","kg/ha","3228.9"
"QCL","Crops and livestock products","840","United States of America","5412","Yield","0141","Soya beans","2016","2016","kg/ha","3493.6"
"QCL","Crops and livestock products","840","United States of America","5412","Yield","0141","Soya beans","2017","2017","kg/ha","3313.3"
"QCL","Crops and livestock products","840","United States of America","5412","Yield","0141","Soya beans","2018","2018","kg/ha","3399.7"
"QCL","Crops and livestock products","840","United States of America","5412","Yield","0141","Soya beans","2019","2019","kg/ha","3187.5"
"QCL","Crops and livestock products","840","United States of America","5412","Yield","0141","Soya beans","2020","2020","kg/ha","3432.7"
"QCL","Crops and livestock products","840","United States of America","5412","Yield","0141","Soya beans","2021","2021","kg/ha","3478.6"
"QCL","Crops and livestock products","840","United States of America","5412","Yield","0141","Soya beans","2022","2022","kg/ha","3332.6"
"QCL","Crops and livestock products","840","United States of America","5412","Yield","0141","Soya beans","2023","2023","kg/ha","3398.7"
"QCL","Crops and livestock products","840","United States of America","5412","Yield","0111","Wheat","2000","2000","kg/ha","2823.8"
"QCL","Crops and livestock products","840","United States of America","5412","Yield","0111","Wheat","2001","2001","kg/ha","2701.8"
"QCL","Crops and livestock products","840","United States of America","5412","Yield","0111","Wheat","2002","2002","kg/ha","2356.7"
"QCL","Crops and livestock products","840","United States of America","5412","Yield","0111","Wheat","2003","2003","kg/ha","2971.2"
"QCL","Crops and livestock products","840","United States of America","5412","Yield","0111","Wheat","2004","2004","kg/ha","2902.6"
"QCL","Crops and livestock products","840","United States of America","5412","Yield","0111","Wheat","2005","2005","kg/ha","2823.1"
"QCL","Crops and livestock products","840","United States of America","5412","Yield","0111","Wheat","2006","2006","kg/ha","2598.6"
"QCL","Crops and livestock products","840","United States of America","5412","Yield","0111","Wheat","2007","2007","kg/ha","2704.6"
"QCL","Crops and livestock products","840","United States of America","5412","Yield","0111","Wheat","2008","2008","kg/ha","3017.5"
"QCL","Crops and livestock products","840","United States of America","5412","Yield","0111","Wheat","2009","2009","kg/ha","2989.7"
"QCL","Crops and livestock products","840","United States of America","5412","Yield","0111","Wheat","2010","2010","kg/ha","3116.7"
"QCL","Crops and livestock products","840","United States of America","5412","Yield","0111","Wheat","2011","2011","kg/ha","2942.2"
"QCL","Crops and livestock products","840","United States of America","5412","Yield","0111","Wheat","2012","2012","kg/ha","3115.4"
"QCL","Crops and livestock products","840","United States of America","5412","Yield","0111","Wheat","2013","2013","kg/ha","3167.3"
"QCL","Crops and livestock products","840","United States of America","5412","Yield","0111","Wheat","2014","2014","kg/ha","2937.8"
"QCL","Crops and livestock products","840","United States of America","5412","Yield","0111","Wheat","2015","2015","kg/ha","2929.9"
"QCL","Crops and livestock products","840","United States of America","5412","Yield","0111","Wheat","2016","2016","kg/ha","3540.8"
"QCL","Crops and livestock products","840","United States of America","5412","Yield","0111","Wheat","2017","2017","kg/ha","3117.5"
"QCL","Crops and livestock products","840","United States of America","5412","Yield","0111","Wheat","2018","2018","kg/ha","3200.5"
"QCL","Crops and livestock products","840","United States of America","5412","Yield","0111","Wheat","2019","2019","kg/ha","3474.6"
"QCL","Crops and livestock products","840","United States of America","5412","Yield","0111","Wheat","2020","2020","kg/ha","3341.7"
"QCL","Crops and livestock products","840","United States of America","5412","Yield","0111","Wheat","2021","2021","kg/ha","2980.5"
"QCL","Crops and livestock products","840","United States of America","5412","Yield","0111","Wheat","2022","2022","kg/ha","3126.5"
"QCL","Crops and livestock products","840","United States of America","5412","Yield","0111","Wheat","2023","2023","kg/ha","3269.4"
